estado,Total,Score Médio,recebeu_golpe
SP,566,33.3561844984711,10.1%
RJ,283,34.02532135478642,12.4%
PA,259,33.48224016389276,12.0%
SC,245,32.927072343772615,10.2%
MG,244,36.32797302748855,11.1%
CE,234,32.08631172997128,9.4%
BA,198,34.51537941436729,14.6%
PR,174,36.17273638345176,6.9%
RS,166,30.3533709168324,15.1%
PE,131,36.748015921581015,10.7%
